{"level":"error","message":"[antiCrash] :: Unhandled Rejection/Catch","p":{},"reason":{"code":50035,"method":"POST","rawError":{"code":50035,"errors":{"message_reference":{"_errors":[{"code":"REPLIES_UNKNOWN_MESSAGE","message":"Unknown message"}]}},"message":"Invalid Form Body"},"requestBody":{"files":[],"json":{"allowed_mentions":{"parse":[],"replied_user":false},"content":":white_check_mark: Successful disabled the 24/7!","message_reference":{"fail_if_not_exists":true,"message_id":"1180785633787138048"},"tts":false}},"status":400,"url":"https://discord.com/api/v10/channels/1163901379220345014/messages"},"timestamp":"2023-12-03T08:40:12.899Z"}
{"level":"error","message":"[antiCrash] :: Unhandled Rejection/Catch","p":{},"reason":{"code":"UND_ERR_CONNECT_TIMEOUT","message":"Connect Timeout Error","name":"ConnectTimeoutError"},"timestamp":"2023-12-25T11:28:54.426Z"}
